,carat,cut,color,clarity,depth,table,volumen
0,0.71,1,1,2,63.1,58.0,115.291752
1,0.83,4,6,3,62.1,55.0,136.57874999999999
2,0.5,4,5,5,61.5,55.0,83.32161600000002
3,0.39,3,0,3,61.6,59.0,63.567573
4,0.32,3,6,3,62.1,56.0,53.408080000000005
5,0.9,1,4,4,63.3,57.0,144.47174399999997
6,0.51,4,2,3,60.9,57.0,84.95344
7,1.12,4,6,2,62.1,54.8,182.638512
8,0.4,4,6,2,62.4,56.0,65.99976000000001
9,0.36,3,1,5,62.7,59.0,59.468551999999995
